,danceability,energy,key,loudness,mode,speechiness,acousticness,instrumentalness,liveness,valence,tempo,type,id,uri,track_href,analysis_url,duration_ms,time_signature
0,0.598,0.643,0,-6.933,1,0.0364,0.164,3.35e-05,0.0992,0.349,115.41,audio_features,4Yg2w0P29BBBMixyeNjDtj,spotify:track:4Yg2w0P29BBBMixyeNjDtj,https://api.spotify.com/v1/tracks/4Yg2w0P29BBBMixyeNjDtj,https://api.spotify.com/v1/audio-analysis/4Yg2w0P29BBBMixyeNjDtj,222533,4
1,0.381,0.141,1,-15.439,1,0.0384,0.857,1.13e-06,0.0995,0.18,131.76,audio_features,6NMz3Cjvod2qnJjakiRDA8,spotify:track:06qMRF18gwbOYYbnP2du6i,https://api.spotify.com/v1/tracks/6NMz3Cjvod2qnJjakiRDA8,https://api.spotify.com/v1/audio-analysis/6NMz3Cjvod2qnJjakiRDA8,191640,4
2,0.24,0.598,7,-8.435,1,0.0369,0.766,0.0,0.117,0.776,201.629,audio_features,5hslUAKq9I9CG2bAulFkHN,spotify:track:0bYg9bo50gSsH3LtXe2SQn,https://api.spotify.com/v1/tracks/5hslUAKq9I9CG2bAulFkHN,https://api.spotify.com/v1/audio-analysis/5hslUAKq9I9CG2bAulFkHN,151933,3
3,0.321,0.64,2,-10.023,1,0.0324,0.28,0.0,0.718,0.414,146.172,audio_features,27RYrbL6S02LNVhDWVl38b,spotify:track:27qAMKrDdKEs8HDXcvR24R,https://api.spotify.com/v1/tracks/27RYrbL6S02LNVhDWVl38b,https://api.spotify.com/v1/audio-analysis/27RYrbL6S02LNVhDWVl38b,214333,3
4,0.208,0.247,7,-13.976,1,0.0313,0.971,0.000137,0.276,0.189,89.196,audio_features,703fzperBa4pQsFYAANQZf,spotify:track:1rv46mRwDqMEhOBZ7vODg3,https://api.spotify.com/v1/tracks/703fzperBa4pQsFYAANQZf,https://api.spotify.com/v1/audio-analysis/703fzperBa4pQsFYAANQZf,215760,4
5,0.68,0.393,10,-13.315,1,0.0364,0.818,0.000229,0.101,0.639,126.007,audio_features,520Jrg250xi0QXIKxFqK4n,spotify:track:6NMz3Cjvod2qnJjakiRDA8,https://api.spotify.com/v1/tracks/520Jrg250xi0QXIKxFqK4n,https://api.spotify.com/v1/audio-analysis/520Jrg250xi0QXIKxFqK4n,147293,4
6,0.336,0.26,8,-16.379,1,0.0388,0.962,0.00258,0.185,0.33,91.617,audio_features,2g5jb8hZkQpd6TwYv6ClP5,spotify:track:4yfIuAFG7rN2b4a3JqhVJS,https://api.spotify.com/v1/tracks/2g5jb8hZkQpd6TwYv6ClP5,https://api.spotify.com/v1/audio-analysis/2g5jb8hZkQpd6TwYv6ClP5,182667,3
7,0.663,0.201,6,-14.789,1,0.0372,0.834,0.0,0.111,0.453,94.879,audio_features,68EvOD5N4V9P9OxbA997Ln,spotify:track:0v2HESaEiiIu9q1cJi3wFn,https://api.spotify.com/v1/tracks/68EvOD5N4V9P9OxbA997Ln,https://api.spotify.com/v1/audio-analysis/68EvOD5N4V9P9OxbA997Ln,136421,4
8,0.418,0.106,8,-22.507,0,0.0448,0.994,0.0292,0.179,0.8,46.718,audio_features,4tHqQMWSqmL6YjXwsqthDI,spotify:track:0575XwaVF0ivamp5mPuYCg,https://api.spotify.com/v1/tracks/4tHqQMWSqmL6YjXwsqthDI,https://api.spotify.com/v1/audio-analysis/4tHqQMWSqmL6YjXwsqthDI,85267,4
9,0.452,0.366,0,-14.152,0,0.0415,0.833,0.0,0.0789,0.629,114.993,audio_features,4ricyQVd20UQde1jpXCSuJ,spotify:track:1XBc4r6ltXjkFJBrsttwIF,https://api.spotify.com/v1/tracks/4ricyQVd20UQde1jpXCSuJ,https://api.spotify.com/v1/audio-analysis/4ricyQVd20UQde1jpXCSuJ,133867,4
10,0.23,0.233,0,-10.745,1,0.0286,0.915,0.0,0.265,0.352,80.73,audio_features,1DvjCIefxg1YsdG3ETROph,spotify:track:5hslUAKq9I9CG2bAulFkHN,https://api.spotify.com/v1/tracks/1DvjCIefxg1YsdG3ETROph,https://api.spotify.com/v1/audio-analysis/1DvjCIefxg1YsdG3ETROph,187000,3
11,0.724,0.276,7,-12.25,1,0.0599,0.76,0.0,0.116,0.718,112.874,audio_features,2pXpURmn6zC5ZYDMms6fwa,spotify:track:65Q2mv3UlVi9eO70OpsmSe,https://api.spotify.com/v1/tracks/2pXpURmn6zC5ZYDMms6fwa,https://api.spotify.com/v1/audio-analysis/2pXpURmn6zC5ZYDMms6fwa,155933,4
12,0.647,0.465,7,-8.308,1,0.0428,0.865,0.0,0.0882,0.699,151.251,audio_features,6tjituizSxwSmBB5vtgHZE,spotify:track:4so0Wek9Ig1p6CRCHuINwW,https://api.spotify.com/v1/tracks/6tjituizSxwSmBB5vtgHZE,https://api.spotify.com/v1/audio-analysis/6tjituizSxwSmBB5vtgHZE,119787,4
13,0.779,0.348,0,-20.311,1,0.0807,0.0823,0.000396,0.0465,0.638,132.039,audio_features,7ETbYa6S8HkDyTQXPzg6T6,spotify:track:7vQbuQcyTflfCIOu3Uzzya,https://api.spotify.com/v1/tracks/7ETbYa6S8HkDyTQXPzg6T6,https://api.spotify.com/v1/audio-analysis/7ETbYa6S8HkDyTQXPzg6T6,141818,4
14,0.672,0.355,7,-7.645,1,0.06,0.493,3.97e-05,0.156,0.79,141.487,audio_features,7azp0ySqPkkXHi9M9aeg3T,spotify:track:3QiAAp20rPC3dcAtKtMaqQ,https://api.spotify.com/v1/tracks/7azp0ySqPkkXHi9M9aeg3T,https://api.spotify.com/v1/audio-analysis/7azp0ySqPkkXHi9M9aeg3T,162333,4
15,0.336,0.194,10,-15.1,1,0.0322,0.986,0.00259,0.067,0.192,106.325,audio_features,6OJdXv1Q5OdLgYolFEunJ4,spotify:track:27RYrbL6S02LNVhDWVl38b,https://api.spotify.com/v1/tracks/6OJdXv1Q5OdLgYolFEunJ4,https://api.spotify.com/v1/audio-analysis/6OJdXv1Q5OdLgYolFEunJ4,200960,3
16,0.725,0.432,5,-11.923,0,0.0422,0.861,0.0,0.121,0.707,114.081,audio_features,5wbQ6oZjDZO9xREdXA0CZw,spotify:track:7fu9Qxb3dloPFtIDAlmPRx,https://api.spotify.com/v1/tracks/5wbQ6oZjDZO9xREdXA0CZw,https://api.spotify.com/v1/audio-analysis/5wbQ6oZjDZO9xREdXA0CZw,234973,4
17,0.598,0.315,8,-9.175,1,0.0429,0.961,0.0,0.258,0.641,119.846,audio_features,6UpuOy5AFhLa1W3V7gl6J2,spotify:track:3VTNVsTTu05dmTsVFrmGpK,https://api.spotify.com/v1/tracks/6UpuOy5AFhLa1W3V7gl6J2,https://api.spotify.com/v1/audio-analysis/6UpuOy5AFhLa1W3V7gl6J2,171773,4
18,0.343,0.136,5,-15.142,1,0.0385,0.749,0.0,0.261,0.59,70.937,audio_features,7ehhnVu3JUWMaSJzY1zC4k,spotify:track:79R7rJGvh4cIdQJO4IL0J7,https://api.spotify.com/v1/tracks/7ehhnVu3JUWMaSJzY1zC4k,https://api.spotify.com/v1/audio-analysis/7ehhnVu3JUWMaSJzY1zC4k,182667,4
19,0.401,0.0888,7,-17.304,1,0.0339,0.985,3.07e-06,0.448,0.423,100.637,audio_features,2sW8WKbeVvoRxUP0AnnPAI,spotify:track:6HQFPItDJGrzKP6NwhlKsb,https://api.spotify.com/v1/tracks/2sW8WKbeVvoRxUP0AnnPAI,https://api.spotify.com/v1/audio-analysis/2sW8WKbeVvoRxUP0AnnPAI,163800,3
20,0.733,0.598,2,-8.228,1,0.0278,0.212,3.71e-06,0.156,0.935,107.732,audio_features,06qMRF18gwbOYYbnP2du6i,spotify:track:703fzperBa4pQsFYAANQZf,https://api.spotify.com/v1/tracks/06qMRF18gwbOYYbnP2du6i,https://api.spotify.com/v1/audio-analysis/06qMRF18gwbOYYbnP2du6i,265960,4
21,0.227,0.132,2,-15.116,1,0.0468,0.886,0.0,0.139,0.243,79.957,audio_features,4yfIuAFG7rN2b4a3JqhVJS,spotify:track:3C5X3TE5feQ482zwMf1tcy,https://api.spotify.com/v1/tracks/4yfIuAFG7rN2b4a3JqhVJS,https://api.spotify.com/v1/audio-analysis/4yfIuAFG7rN2b4a3JqhVJS,183773,4
22,0.683,0.375,0,-13.056,1,0.0303,0.579,0.0,0.076,0.888,140.467,audio_features,65Q2mv3UlVi9eO70OpsmSe,spotify:track:7ErAMg7UErMLbSIoO80dOc,https://api.spotify.com/v1/tracks/65Q2mv3UlVi9eO70OpsmSe,https://api.spotify.com/v1/audio-analysis/65Q2mv3UlVi9eO70OpsmSe,135533,4
23,0.293,0.368,5,-9.505,1,0.029,0.665,0.0,0.1,0.705,76.833,audio_features,7fu9Qxb3dloPFtIDAlmPRx,spotify:track:08D5bPhVLw01WdNchYxsqg,https://api.spotify.com/v1/tracks/7fu9Qxb3dloPFtIDAlmPRx,https://api.spotify.com/v1/audio-analysis/7fu9Qxb3dloPFtIDAlmPRx,136173,3
24,0.697,0.436,1,-7.385,1,0.0298,0.469,0.0,0.152,0.813,137.005,audio_features,3C5X3TE5feQ482zwMf1tcy,spotify:track:4WfSDuJ4MrpdSSCEOanwzD,https://api.spotify.com/v1/tracks/3C5X3TE5feQ482zwMf1tcy,https://api.spotify.com/v1/audio-analysis/3C5X3TE5feQ482zwMf1tcy,156307,4
25,0.68,0.489,11,-8.088,1,0.0259,0.401,0.0,0.126,0.84,81.986,audio_features,1xdmPfCpuGC9GuUXF24UND,spotify:track:520Jrg250xi0QXIKxFqK4n,https://api.spotify.com/v1/tracks/1xdmPfCpuGC9GuUXF24UND,https://api.spotify.com/v1/audio-analysis/1xdmPfCpuGC9GuUXF24UND,134817,4
26,0.317,0.302,3,-13.475,1,0.0389,0.892,0.00785,0.112,0.146,168.034,audio_features,1OBFHtvqVXTerb6NMADys3,spotify:track:1xdmPfCpuGC9GuUXF24UND,https://api.spotify.com/v1/tracks/1OBFHtvqVXTerb6NMADys3,https://api.spotify.com/v1/audio-analysis/1OBFHtvqVXTerb6NMADys3,234067,4
27,0.629,0.159,8,-14.056,1,0.0495,0.883,0.0,0.222,0.642,142.157,audio_features,1dtIaSlyrLI04sqYa8nLyN,spotify:track:33EVpTZhoyQw1mStrZTKfO,https://api.spotify.com/v1/tracks/1dtIaSlyrLI04sqYa8nLyN,https://api.spotify.com/v1/audio-analysis/1dtIaSlyrLI04sqYa8nLyN,186733,4
28,0.609,0.421,4,-7.957,1,0.0255,0.34,0.0,0.549,0.482,93.961,audio_features,3H9tWUcyY6lEetQX6OJYZA,spotify:track:08qlVghBZIdANs8Eg1yNbW,https://api.spotify.com/v1/tracks/3H9tWUcyY6lEetQX6OJYZA,https://api.spotify.com/v1/audio-analysis/3H9tWUcyY6lEetQX6OJYZA,127995,4
29,0.636,0.178,7,-12.179,0,0.0656,0.663,0.0,0.0964,0.643,139.997,audio_features,75clRtmtXSkZsPm6SjjQ5j,spotify:track:7a47UpwnJYJCmNEpjnx2O5,https://api.spotify.com/v1/tracks/75clRtmtXSkZsPm6SjjQ5j,https://api.spotify.com/v1/audio-analysis/75clRtmtXSkZsPm6SjjQ5j,154827,4
30,0.18,0.137,8,-14.959,1,0.0336,0.964,0.42,0.123,0.211,91.049,audio_features,2JwJqDEqC5IPl5bN3klNHD,spotify:track:2g5jb8hZkQpd6TwYv6ClP5,https://api.spotify.com/v1/tracks/2JwJqDEqC5IPl5bN3klNHD,https://api.spotify.com/v1/audio-analysis/2JwJqDEqC5IPl5bN3klNHD,156893,4
31,0.308,0.381,5,-11.143,1,0.0302,0.763,0.0,0.0649,0.597,185.319,audio_features,11Z7sdkpC5IaaydoIvDn74,spotify:track:1OBFHtvqVXTerb6NMADys3,https://api.spotify.com/v1/tracks/11Z7sdkpC5IaaydoIvDn74,https://api.spotify.com/v1/audio-analysis/11Z7sdkpC5IaaydoIvDn74,121987,3
32,0.596,0.675,8,-6.817,1,0.0326,0.312,0.0,0.341,0.966,81.121,audio_features,5pMZO580uekpfOoJcqF0ld,spotify:track:27tsclvcImSGiQN082KkSQ,https://api.spotify.com/v1/tracks/5pMZO580uekpfOoJcqF0ld,https://api.spotify.com/v1/audio-analysis/5pMZO580uekpfOoJcqF0ld,113557,4
33,0.34,0.207,8,-10.762,1,0.0331,0.81,0.0,0.254,0.412,68.686,audio_features,4hPKGh8WX6zsZ3FQTU2JvB,spotify:track:6hI0j7inZqfUQgRSykPdSZ,https://api.spotify.com/v1/tracks/4hPKGh8WX6zsZ3FQTU2JvB,https://api.spotify.com/v1/audio-analysis/4hPKGh8WX6zsZ3FQTU2JvB,124072,4
34,0.549,0.22,3,-12.886,1,0.0399,0.873,4.09e-06,0.113,0.308,103.901,audio_features,1UjY24WZnvgMkOTgeUbBA4,spotify:track:3AVNJhUm1JU51zBctqtuMd,https://api.spotify.com/v1/tracks/1UjY24WZnvgMkOTgeUbBA4,https://api.spotify.com/v1/audio-analysis/1UjY24WZnvgMkOTgeUbBA4,137467,4
35,0.463,0.649,0,-5.162,0,0.0294,0.0321,0.0,0.235,0.356,126.78,audio_features,4NSpbTS4vPq5rVODdlkF55,spotify:track:68EvOD5N4V9P9OxbA997Ln,https://api.spotify.com/v1/tracks/4NSpbTS4vPq5rVODdlkF55,https://api.spotify.com/v1/audio-analysis/4NSpbTS4vPq5rVODdlkF55,145955,4
36,0.747,0.474,10,-10.909,1,0.044,0.00617,0.0,0.329,0.626,118.021,audio_features,1VyonZxNQIaitHjyiXk72Z,spotify:track:1dtIaSlyrLI04sqYa8nLyN,https://api.spotify.com/v1/tracks/1VyonZxNQIaitHjyiXk72Z,https://api.spotify.com/v1/audio-analysis/1VyonZxNQIaitHjyiXk72Z,99153,4
37,0.236,0.261,2,-13.647,1,0.0374,0.955,0.0245,0.424,0.106,93.383,audio_features,1WrPa4lrIddctGWAIYYfP9,spotify:track:2pnPe4pJtq7689i5ydzvJJ,https://api.spotify.com/v1/tracks/1WrPa4lrIddctGWAIYYfP9,https://api.spotify.com/v1/audio-analysis/1WrPa4lrIddctGWAIYYfP9,195067,3
38,0.451,0.24,1,-14.014,1,0.0351,0.912,2.45e-06,0.175,0.701,134.009,audio_features,2uFaJJtFpPDc5Pa95XzTvg,spotify:track:7inXu0Eaeg02VsM8kHNvzM,https://api.spotify.com/v1/tracks/2uFaJJtFpPDc5Pa95XzTvg,https://api.spotify.com/v1/audio-analysis/2uFaJJtFpPDc5Pa95XzTvg,117147,4
39,0.621,0.147,9,-11.111,1,0.0374,0.821,0.0,0.0754,0.346,110.62,audio_features,53cumdNGYE6NFmGL0zHvx7,spotify:track:5EmYSWE2LpTd4hXxPYdbSf,https://api.spotify.com/v1/tracks/53cumdNGYE6NFmGL0zHvx7,https://api.spotify.com/v1/audio-analysis/53cumdNGYE6NFmGL0zHvx7,137547,4
40,0.336,0.627,7,-7.463,1,0.0384,0.164,0.0,0.0708,0.35,150.273,audio_features,0bYg9bo50gSsH3LtXe2SQn,spotify:track:4tHqQMWSqmL6YjXwsqthDI,https://api.spotify.com/v1/tracks/0bYg9bo50gSsH3LtXe2SQn,https://api.spotify.com/v1/audio-analysis/0bYg9bo50gSsH3LtXe2SQn,241107,4
41,0.485,0.237,0,-14.822,0,0.0575,0.779,1.27e-06,0.154,0.583,92.683,audio_features,0v2HESaEiiIu9q1cJi3wFn,spotify:track:3H9tWUcyY6lEetQX6OJYZA,https://api.spotify.com/v1/tracks/0v2HESaEiiIu9q1cJi3wFn,https://api.spotify.com/v1/audio-analysis/0v2HESaEiiIu9q1cJi3wFn,166000,4
42,0.317,0.158,9,-16.485,1,0.0381,0.673,0.353,0.338,0.247,130.503,audio_features,4so0Wek9Ig1p6CRCHuINwW,spotify:track:5ASM6Qjiav2xPe7gRkQMsQ,https://api.spotify.com/v1/tracks/4so0Wek9Ig1p6CRCHuINwW,https://api.spotify.com/v1/audio-analysis/4so0Wek9Ig1p6CRCHuINwW,177480,3
43,0.271,0.551,2,-7.48,1,0.0457,0.582,4.16e-05,0.256,0.428,78.111,audio_features,3VTNVsTTu05dmTsVFrmGpK,spotify:track:0chxAqlZXGnUd691QrIkIR,https://api.spotify.com/v1/tracks/3VTNVsTTu05dmTsVFrmGpK,https://api.spotify.com/v1/audio-analysis/3VTNVsTTu05dmTsVFrmGpK,272467,4
44,0.494,0.375,1,-10.545,1,0.0545,0.72,0.0,0.388,0.706,127.873,audio_features,7ErAMg7UErMLbSIoO80dOc,spotify:track:7faDzZnZYqTyYThx2sbHVQ,https://api.spotify.com/v1/tracks/7ErAMg7UErMLbSIoO80dOc,https://api.spotify.com/v1/audio-analysis/7ErAMg7UErMLbSIoO80dOc,169848,4
45,0.255,0.113,0,-15.264,1,0.0337,0.931,1.08e-05,0.273,0.199,109.464,audio_features,33EVpTZhoyQw1mStrZTKfO,spotify:track:4ricyQVd20UQde1jpXCSuJ,https://api.spotify.com/v1/tracks/33EVpTZhoyQw1mStrZTKfO,https://api.spotify.com/v1/audio-analysis/33EVpTZhoyQw1mStrZTKfO,160333,1
46,0.535,0.154,0,-16.793,1,0.0399,0.818,0.946,0.126,0.533,104.527,audio_features,27tsclvcImSGiQN082KkSQ,spotify:track:75clRtmtXSkZsPm6SjjQ5j,https://api.spotify.com/v1/tracks/27tsclvcImSGiQN082KkSQ,https://api.spotify.com/v1/audio-analysis/27tsclvcImSGiQN082KkSQ,170678,4
47,0.681,0.715,7,-10.609,0,0.0912,0.812,9.43e-06,0.0777,0.957,152.132,audio_features,2pnPe4pJtq7689i5ydzvJJ,spotify:track:76Tvx1cq3mkrfo0B5M696f,https://api.spotify.com/v1/tracks/2pnPe4pJtq7689i5ydzvJJ,https://api.spotify.com/v1/audio-analysis/2pnPe4pJtq7689i5ydzvJJ,165733,4
48,0.529,0.772,2,-7.013,1,0.0287,0.403,2.21e-06,0.316,0.853,91.751,audio_features,5ASM6Qjiav2xPe7gRkQMsQ,spotify:track:4HEOgBHRCExyYVeTyrXsnL,https://api.spotify.com/v1/tracks/5ASM6Qjiav2xPe7gRkQMsQ,https://api.spotify.com/v1/audio-analysis/5ASM6Qjiav2xPe7gRkQMsQ,181267,4
49,0.394,0.256,6,-10.72,1,0.0305,0.737,0.0,0.186,0.331,78.785,audio_features,76Tvx1cq3mkrfo0B5M696f,spotify:track:3szI9hDVbyOYU0yd77G35n,https://api.spotify.com/v1/tracks/76Tvx1cq3mkrfo0B5M696f,https://api.spotify.com/v1/audio-analysis/76Tvx1cq3mkrfo0B5M696f,127303,1
50,0.194,0.099,7,-19.334,1,0.0331,0.976,0.000591,0.082,0.129,83.825,audio_features,55YzKJipEDxzduTSrAWtMj,spotify:track:1DvjCIefxg1YsdG3ETROph,https://api.spotify.com/v1/tracks/55YzKJipEDxzduTSrAWtMj,https://api.spotify.com/v1/audio-analysis/55YzKJipEDxzduTSrAWtMj,172000,4
51,0.769,0.47,7,-15.188,1,0.0343,0.123,0.000226,0.0942,0.628,131.016,audio_features,44RFuMTt0MPsZRjL4NkQJy,spotify:track:2JwJqDEqC5IPl5bN3klNHD,https://api.spotify.com/v1/tracks/44RFuMTt0MPsZRjL4NkQJy,https://api.spotify.com/v1/audio-analysis/44RFuMTt0MPsZRjL4NkQJy,124580,3
52,0.485,0.857,2,-7.059,1,0.0442,0.534,0.0,0.347,0.963,148.749,audio_features,7taXf5odg9xCAZERYfyOkS,spotify:track:55YzKJipEDxzduTSrAWtMj,https://api.spotify.com/v1/tracks/7taXf5odg9xCAZERYfyOkS,https://api.spotify.com/v1/audio-analysis/7taXf5odg9xCAZERYfyOkS,182360,4
53,0.261,0.00697,4,-37.614,0,0.0332,0.881,0.452,0.211,0.245,113.148,audio_features,4lq0QcqQc1x14lKoC6U9QQ,spotify:track:6t0Fa4mTahx3sS3lYwAMwV,https://api.spotify.com/v1/tracks/4lq0QcqQc1x14lKoC6U9QQ,https://api.spotify.com/v1/audio-analysis/4lq0QcqQc1x14lKoC6U9QQ,139693,4
54,0.561,0.782,3,-7.444,1,0.0317,0.022,0.0,0.109,0.704,127.148,audio_features,3PIDciSFdrQxSQSihim3hN,spotify:track:0oxUZhytpftSGgBGDVlCMb,https://api.spotify.com/v1/tracks/3PIDciSFdrQxSQSihim3hN,https://api.spotify.com/v1/audio-analysis/3PIDciSFdrQxSQSihim3hN,153240,4
55,0.163,0.242,7,-14.778,1,0.0345,0.77,0.000371,0.11,0.108,79.344,audio_features,2Jb4TDYdPhc0KuzJY6KvZQ,spotify:track:2pXpURmn6zC5ZYDMms6fwa,https://api.spotify.com/v1/tracks/2Jb4TDYdPhc0KuzJY6KvZQ,https://api.spotify.com/v1/audio-analysis/2Jb4TDYdPhc0KuzJY6KvZQ,263827,4
56,0.269,0.0314,10,-23.411,1,0.0351,0.96,0.0678,0.113,0.176,135.49,audio_features,6cw1OgKsuEWQbmQb5Z4a3T,spotify:track:11Z7sdkpC5IaaydoIvDn74,https://api.spotify.com/v1/tracks/6cw1OgKsuEWQbmQb5Z4a3T,https://api.spotify.com/v1/audio-analysis/6cw1OgKsuEWQbmQb5Z4a3T,145000,3
57,0.589,0.472,8,-8.749,1,0.0502,0.614,0.0,0.505,0.898,67.196,audio_features,2EjXfH91m7f8HiJN1yQg97,spotify:track:44RFuMTt0MPsZRjL4NkQJy,https://api.spotify.com/v1/tracks/2EjXfH91m7f8HiJN1yQg97,https://api.spotify.com/v1/audio-analysis/2EjXfH91m7f8HiJN1yQg97,126267,4
58,0.746,0.482,3,-10.424,1,0.0534,0.91,0.87,0.139,0.787,121.241,audio_features,7GLQ0fBEq1W9QnKJ5TkGL3,spotify:track:6JzICCKjjIzQ5M2YqzLhWF,https://api.spotify.com/v1/tracks/7GLQ0fBEq1W9QnKJ5TkGL3,https://api.spotify.com/v1/audio-analysis/7GLQ0fBEq1W9QnKJ5TkGL3,146600,4
59,0.26,0.188,5,-13.117,1,0.0301,0.882,0.0,0.116,0.238,86.087,audio_features,2BLwLAc1swTc4TC7K3J506,spotify:track:4MrfQL4TYQXJBlZYpAHTuE,https://api.spotify.com/v1/tracks/2BLwLAc1swTc4TC7K3J506,https://api.spotify.com/v1/audio-analysis/2BLwLAc1swTc4TC7K3J506,141040,1
60,0.513,0.583,9,-10.863,1,0.038,0.355,1.96e-05,0.18,0.866,180.183,audio_features,27qAMKrDdKEs8HDXcvR24R,spotify:track:6tjituizSxwSmBB5vtgHZE,https://api.spotify.com/v1/tracks/27qAMKrDdKEs8HDXcvR24R,https://api.spotify.com/v1/audio-analysis/27qAMKrDdKEs8HDXcvR24R,241627,4
61,0.598,0.4,2,-9.812,1,0.0451,0.93,0.00797,0.14,0.715,78.82,audio_features,0575XwaVF0ivamp5mPuYCg,spotify:track:5pMZO580uekpfOoJcqF0ld,https://api.spotify.com/v1/tracks/0575XwaVF0ivamp5mPuYCg,https://api.spotify.com/v1/audio-analysis/0575XwaVF0ivamp5mPuYCg,114067,4
62,0.754,0.424,2,-8.463,1,0.0363,0.643,0.0,0.0652,0.806,119.705,audio_features,7vQbuQcyTflfCIOu3Uzzya,spotify:track:7taXf5odg9xCAZERYfyOkS,https://api.spotify.com/v1/tracks/7vQbuQcyTflfCIOu3Uzzya,https://api.spotify.com/v1/audio-analysis/7vQbuQcyTflfCIOu3Uzzya,130973,4
63,0.619,0.447,5,-9.342,1,0.0275,0.891,0.0718,0.254,0.732,105.308,audio_features,79R7rJGvh4cIdQJO4IL0J7,spotify:track:3SKKn2RJgtKoxX4t6S35VI,https://api.spotify.com/v1/tracks/79R7rJGvh4cIdQJO4IL0J7,https://api.spotify.com/v1/audio-analysis/79R7rJGvh4cIdQJO4IL0J7,192400,4
64,0.173,0.103,4,-16.317,1,0.0387,0.938,2.08e-06,0.167,0.255,169.956,audio_features,08D5bPhVLw01WdNchYxsqg,spotify:track:15sxLiiChE5dCW3Y756oas,https://api.spotify.com/v1/tracks/08D5bPhVLw01WdNchYxsqg,https://api.spotify.com/v1/audio-analysis/08D5bPhVLw01WdNchYxsqg,161293,5
65,0.411,0.34,7,-12.119,1,0.0417,0.717,3.19e-05,0.11,0.17,101.95,audio_features,08qlVghBZIdANs8Eg1yNbW,spotify:track:7ETbYa6S8HkDyTQXPzg6T6,https://api.spotify.com/v1/tracks/08qlVghBZIdANs8Eg1yNbW,https://api.spotify.com/v1/audio-analysis/08qlVghBZIdANs8Eg1yNbW,262067,3
66,0.699,0.31,7,-8.284,1,0.0373,0.952,0.0,0.16,0.639,137.206,audio_features,6hI0j7inZqfUQgRSykPdSZ,spotify:track:4hPKGh8WX6zsZ3FQTU2JvB,https://api.spotify.com/v1/tracks/6hI0j7inZqfUQgRSykPdSZ,https://api.spotify.com/v1/audio-analysis/6hI0j7inZqfUQgRSykPdSZ,183500,4
67,0.603,0.321,2,-11.489,1,0.0599,0.881,0.0,0.34,0.844,143.104,audio_features,7inXu0Eaeg02VsM8kHNvzM,spotify:track:4lq0QcqQc1x14lKoC6U9QQ,https://api.spotify.com/v1/tracks/7inXu0Eaeg02VsM8kHNvzM,https://api.spotify.com/v1/audio-analysis/7inXu0Eaeg02VsM8kHNvzM,155600,4
68,0.414,0.062,0,-24.57,0,0.0457,0.963,0.0592,0.117,0.126,112.356,audio_features,0chxAqlZXGnUd691QrIkIR,spotify:track:6dSFOAAnZoYBnGVykcGUpm,https://api.spotify.com/v1/tracks/0chxAqlZXGnUd691QrIkIR,https://api.spotify.com/v1/audio-analysis/0chxAqlZXGnUd691QrIkIR,203453,4
69,0.512,0.339,8,-13.119,1,0.0498,0.727,0.0,0.0977,0.951,174.609,audio_features,4HEOgBHRCExyYVeTyrXsnL,spotify:track:2L9QLAhrvtP4EYg1lY0Tnw,https://api.spotify.com/v1/tracks/4HEOgBHRCExyYVeTyrXsnL,https://api.spotify.com/v1/audio-analysis/4HEOgBHRCExyYVeTyrXsnL,120693,4
70,0.238,0.133,8,-14.289,1,0.0326,0.793,0.0,0.137,0.251,133.71,audio_features,6t0Fa4mTahx3sS3lYwAMwV,spotify:track:7azp0ySqPkkXHi9M9aeg3T,https://api.spotify.com/v1/tracks/6t0Fa4mTahx3sS3lYwAMwV,https://api.spotify.com/v1/audio-analysis/6t0Fa4mTahx3sS3lYwAMwV,143903,3
71,0.447,0.245,0,-14.733,1,0.0349,0.905,3.07e-05,0.122,0.458,129.415,audio_features,6JzICCKjjIzQ5M2YqzLhWF,spotify:track:1UjY24WZnvgMkOTgeUbBA4,https://api.spotify.com/v1/tracks/6JzICCKjjIzQ5M2YqzLhWF,https://api.spotify.com/v1/audio-analysis/6JzICCKjjIzQ5M2YqzLhWF,114227,4
72,0.691,0.704,7,-6.373,1,0.0634,0.698,0.0,0.693,0.865,119.059,audio_features,3SKKn2RJgtKoxX4t6S35VI,spotify:track:3PIDciSFdrQxSQSihim3hN,https://api.spotify.com/v1/tracks/3SKKn2RJgtKoxX4t6S35VI,https://api.spotify.com/v1/audio-analysis/3SKKn2RJgtKoxX4t6S35VI,142547,4
73,0.551,0.258,1,-12.966,1,0.0529,0.779,0.0,0.152,0.689,154.861,audio_features,6dSFOAAnZoYBnGVykcGUpm,spotify:track:71An5ejPuJd6vrROJ8KY3l,https://api.spotify.com/v1/tracks/6dSFOAAnZoYBnGVykcGUpm,https://api.spotify.com/v1/audio-analysis/6dSFOAAnZoYBnGVykcGUpm,180640,4
74,0.305,0.186,10,-14.75,1,0.0348,0.846,0.0,0.325,0.571,200.073,audio_features,71An5ejPuJd6vrROJ8KY3l,spotify:track:2345kZ5rt8eHjO8CFpx3Yi,https://api.spotify.com/v1/tracks/71An5ejPuJd6vrROJ8KY3l,https://api.spotify.com/v1/audio-analysis/71An5ejPuJd6vrROJ8KY3l,133533,3
75,0.327,0.299,5,-13.765,0,0.0294,0.927,0.952,0.127,0.465,85.241,audio_features,1KYp6R9KfYSna86gFkIhq0,spotify:track:6OJdXv1Q5OdLgYolFEunJ4,https://api.spotify.com/v1/tracks/1KYp6R9KfYSna86gFkIhq0,https://api.spotify.com/v1/audio-analysis/1KYp6R9KfYSna86gFkIhq0,144933,4
76,0.704,0.103,5,-15.056,0,0.0607,0.897,0.0,0.192,0.468,84.475,audio_features,1vZKP9XURuqMp1SpXGnoyb,spotify:track:4NSpbTS4vPq5rVODdlkF55,https://api.spotify.com/v1/tracks/1vZKP9XURuqMp1SpXGnoyb,https://api.spotify.com/v1/audio-analysis/1vZKP9XURuqMp1SpXGnoyb,206507,4
77,0.319,0.21,1,-15.231,1,0.0341,0.92,8.06e-05,0.138,0.209,78.696,audio_features,4PS1e8f2LvuTFgUs1Cn3ON,spotify:track:2Jb4TDYdPhc0KuzJY6KvZQ,https://api.spotify.com/v1/tracks/4PS1e8f2LvuTFgUs1Cn3ON,https://api.spotify.com/v1/audio-analysis/4PS1e8f2LvuTFgUs1Cn3ON,192160,4
78,0.262,0.153,5,-19.642,1,0.0387,0.958,0.253,0.106,0.151,85.991,audio_features,3QXQc9zYWMK5hQjiRAS5du,spotify:track:1KYp6R9KfYSna86gFkIhq0,https://api.spotify.com/v1/tracks/3QXQc9zYWMK5hQjiRAS5du,https://api.spotify.com/v1/audio-analysis/3QXQc9zYWMK5hQjiRAS5du,184533,5
79,0.48,0.0833,10,-17.599,1,0.0368,0.661,0.0,0.102,0.218,74.273,audio_features,4jxBwczdzscRdoNKxnX3YT,spotify:track:46pF1zFimM582ss1PrMy68,https://api.spotify.com/v1/tracks/4jxBwczdzscRdoNKxnX3YT,https://api.spotify.com/v1/audio-analysis/4jxBwczdzscRdoNKxnX3YT,140400,3
80,0.331,0.223,4,-11.274,1,0.0338,0.88,5.92e-06,0.343,0.355,92.896,audio_features,1rv46mRwDqMEhOBZ7vODg3,spotify:track:5wbQ6oZjDZO9xREdXA0CZw,https://api.spotify.com/v1/tracks/1rv46mRwDqMEhOBZ7vODg3,https://api.spotify.com/v1/audio-analysis/1rv46mRwDqMEhOBZ7vODg3,207200,3
81,0.691,0.402,8,-12.149,1,0.0599,0.703,0.0,0.463,0.844,139.752,audio_features,1XBc4r6ltXjkFJBrsttwIF,spotify:track:1VyonZxNQIaitHjyiXk72Z,https://api.spotify.com/v1/tracks/1XBc4r6ltXjkFJBrsttwIF,https://api.spotify.com/v1/audio-analysis/1XBc4r6ltXjkFJBrsttwIF,125827,4
82,0.465,0.27,4,-16.661,1,0.0425,0.9,0.00104,0.145,0.58,94.518,audio_features,3QiAAp20rPC3dcAtKtMaqQ,spotify:track:6cw1OgKsuEWQbmQb5Z4a3T,https://api.spotify.com/v1/tracks/3QiAAp20rPC3dcAtKtMaqQ,https://api.spotify.com/v1/audio-analysis/3QiAAp20rPC3dcAtKtMaqQ,129173,4
83,0.184,0.645,7,-8.211,0,0.0832,0.823,2.34e-06,0.879,0.265,80.678,audio_features,6HQFPItDJGrzKP6NwhlKsb,spotify:track:1vZKP9XURuqMp1SpXGnoyb,https://api.spotify.com/v1/tracks/6HQFPItDJGrzKP6NwhlKsb,https://api.spotify.com/v1/audio-analysis/6HQFPItDJGrzKP6NwhlKsb,209293,4
84,0.261,0.232,5,-9.304,1,0.0315,0.769,1.81e-05,0.21,0.167,116.556,audio_features,4WfSDuJ4MrpdSSCEOanwzD,spotify:track:3bMfUUpzUzqWp9II00yRhE,https://api.spotify.com/v1/tracks/4WfSDuJ4MrpdSSCEOanwzD,https://api.spotify.com/v1/audio-analysis/4WfSDuJ4MrpdSSCEOanwzD,208480,3
85,0.626,0.401,0,-11.067,1,0.0329,0.808,1.23e-05,0.175,0.443,107.999,audio_features,7a47UpwnJYJCmNEpjnx2O5,spotify:track:6UpuOy5AFhLa1W3V7gl6J2,https://api.spotify.com/v1/tracks/7a47UpwnJYJCmNEpjnx2O5,https://api.spotify.com/v1/audio-analysis/7a47UpwnJYJCmNEpjnx2O5,229400,4
86,0.501,0.311,1,-13.821,1,0.035,0.894,7.14e-05,0.346,0.803,148.632,audio_features,3AVNJhUm1JU51zBctqtuMd,spotify:track:1WrPa4lrIddctGWAIYYfP9,https://api.spotify.com/v1/tracks/3AVNJhUm1JU51zBctqtuMd,https://api.spotify.com/v1/audio-analysis/3AVNJhUm1JU51zBctqtuMd,185533,4
87,0.263,0.239,7,-15.505,1,0.0346,0.907,0.000213,0.285,0.295,130.102,audio_features,5EmYSWE2LpTd4hXxPYdbSf,spotify:track:2EjXfH91m7f8HiJN1yQg97,https://api.spotify.com/v1/tracks/5EmYSWE2LpTd4hXxPYdbSf,https://api.spotify.com/v1/audio-analysis/5EmYSWE2LpTd4hXxPYdbSf,106600,3
88,0.607,0.103,9,-14.405,1,0.0404,0.804,0.0,0.076,0.341,110.378,audio_features,7faDzZnZYqTyYThx2sbHVQ,spotify:track:4PS1e8f2LvuTFgUs1Cn3ON,https://api.spotify.com/v1/tracks/7faDzZnZYqTyYThx2sbHVQ,https://api.spotify.com/v1/audio-analysis/7faDzZnZYqTyYThx2sbHVQ,136427,4
89,0.499,0.545,11,-10.476,1,0.0366,0.822,0.0,0.187,0.634,110.54,audio_features,3szI9hDVbyOYU0yd77G35n,spotify:track:7n5m8nDAnyXo81tr4B3Bcw,https://api.spotify.com/v1/tracks/3szI9hDVbyOYU0yd77G35n,https://api.spotify.com/v1/audio-analysis/3szI9hDVbyOYU0yd77G35n,160947,4
90,0.627,0.337,1,-6.521,1,0.0436,0.851,0.0,0.356,0.734,151.691,audio_features,0oxUZhytpftSGgBGDVlCMb,spotify:track:7ehhnVu3JUWMaSJzY1zC4k,https://api.spotify.com/v1/tracks/0oxUZhytpftSGgBGDVlCMb,https://api.spotify.com/v1/audio-analysis/0oxUZhytpftSGgBGDVlCMb,183413,4
91,0.469,0.196,0,-16.093,1,0.0571,0.882,0.0,0.0513,0.537,130.036,audio_features,4MrfQL4TYQXJBlZYpAHTuE,spotify:track:2uFaJJtFpPDc5Pa95XzTvg,https://api.spotify.com/v1/tracks/4MrfQL4TYQXJBlZYpAHTuE,https://api.spotify.com/v1/audio-analysis/4MrfQL4TYQXJBlZYpAHTuE,143733,3
92,0.583,0.712,3,-8.222,1,0.0538,0.263,1.02e-06,0.817,0.614,128.897,audio_features,15sxLiiChE5dCW3Y756oas,spotify:track:7GLQ0fBEq1W9QnKJ5TkGL3,https://api.spotify.com/v1/tracks/15sxLiiChE5dCW3Y756oas,https://api.spotify.com/v1/audio-analysis/15sxLiiChE5dCW3Y756oas,181267,4
93,0.478,0.201,7,-16.768,1,0.0332,0.919,0.0,0.0854,0.857,136.471,audio_features,2L9QLAhrvtP4EYg1lY0Tnw,spotify:track:3QXQc9zYWMK5hQjiRAS5du,https://api.spotify.com/v1/tracks/2L9QLAhrvtP4EYg1lY0Tnw,https://api.spotify.com/v1/audio-analysis/2L9QLAhrvtP4EYg1lY0Tnw,135760,4
94,0.343,0.339,0,-9.282,1,0.0283,0.867,3.75e-06,0.109,0.404,103.504,audio_features,2345kZ5rt8eHjO8CFpx3Yi,spotify:track:77khP2fIVhSW23NwxrRluh,https://api.spotify.com/v1/tracks/2345kZ5rt8eHjO8CFpx3Yi,https://api.spotify.com/v1/audio-analysis/2345kZ5rt8eHjO8CFpx3Yi,127333,3
95,0.325,0.759,8,-7.146,1,0.053,0.395,0.000362,0.0773,0.36,126.627,audio_features,46pF1zFimM582ss1PrMy68,spotify:track:2sW8WKbeVvoRxUP0AnnPAI,https://api.spotify.com/v1/tracks/46pF1zFimM582ss1PrMy68,https://api.spotify.com/v1/audio-analysis/46pF1zFimM582ss1PrMy68,166453,4
96,0.367,0.122,9,-21.34,0,0.0319,0.984,4.37e-05,0.172,0.104,75.265,audio_features,3bMfUUpzUzqWp9II00yRhE,spotify:track:53cumdNGYE6NFmGL0zHvx7,https://api.spotify.com/v1/tracks/3bMfUUpzUzqWp9II00yRhE,https://api.spotify.com/v1/audio-analysis/3bMfUUpzUzqWp9II00yRhE,163093,3
97,0.382,0.879,7,-7.584,1,0.0642,0.228,0.0,0.408,0.559,143.741,audio_features,7n5m8nDAnyXo81tr4B3Bcw,spotify:track:2BLwLAc1swTc4TC7K3J506,https://api.spotify.com/v1/tracks/7n5m8nDAnyXo81tr4B3Bcw,https://api.spotify.com/v1/audio-analysis/7n5m8nDAnyXo81tr4B3Bcw,136307,4
98,0.683,0.375,0,-13.056,1,0.0303,0.579,0.0,0.076,0.888,140.467,audio_features,77khP2fIVhSW23NwxrRluh,spotify:track:4jxBwczdzscRdoNKxnX3YT,https://api.spotify.com/v1/tracks/77khP2fIVhSW23NwxrRluh,https://api.spotify.com/v1/audio-analysis/77khP2fIVhSW23NwxrRluh,135533,4
99,0.641,0.413,3,-5.624,1,0.0435,0.926,0.0,0.191,0.834,143.522,audio_features,0cAhE2iDJApegDnVRx6fCK,spotify:track:0cAhE2iDJApegDnVRx6fCK,https://api.spotify.com/v1/tracks/0cAhE2iDJApegDnVRx6fCK,https://api.spotify.com/v1/audio-analysis/0cAhE2iDJApegDnVRx6fCK,203746,4
